Epoch,D_A,G_A,Cycle_A,Idt_A,D_B,G_B,Cycle_B,Idt_B
1,0.282,0.350,2.071,3.414,0.458,0.388,8.342,0.890
1,0.247,0.417,2.950,1.923,0.261,0.363,3.938,1.431
1,0.577,0.494,4.655,1.615,0.340,0.348,4.100,2.279
1,0.241,0.337,4.823,1.386,0.318,0.166,3.673,1.939
2,0.267,0.436,3.571,1.311,0.219,0.353,3.960,1.734
2,0.338,0.308,2.708,0.708,0.231,0.279,1.372,1.153
2,0.263,0.265,1.444,0.536,0.208,0.132,1.348,0.564
2,0.271,0.347,3.064,0.833,0.259,0.333,1.815,1.479
3,0.305,0.120,2.620,0.465,0.250,0.144,2.281,1.072
3,0.305,0.360,1.983,1.001,0.268,0.387,2.436,0.761
3,0.106,0.452,5.278,1.803,0.281,0.421,4.112,2.054
3,0.230,0.346,1.277,0.426,0.262,0.367,1.116,0.459
3,0.350,0.772,2.120,0.917,0.219,0.308,1.799,0.965
4,0.273,0.056,3.103,0.579,0.175,0.482,1.246,1.466
4,0.194,0.259,0.716,1.201,0.360,0.438,3.038,0.238
4,0.242,0.407,2.416,0.736,0.262,0.286,1.934,0.642
4,0.229,0.376,1.733,1.611,0.178,0.429,3.331,0.659
5,0.323,0.432,2.566,0.627,0.156,0.363,1.685,1.038
5,0.222,0.574,1.893,1.105,0.328,0.448,2.662,0.838
5,0.180,0.446,1.542,0.661,0.215,0.326,1.788,0.797
5,0.131,0.328,2.624,1.260,0.205,0.345,2.613,1.935
5,0.238,0.276,2.391,1.140,0.271,0.432,2.002,0.984
6,0.509,0.366,1.402,0.929,0.448,0.452,1.076,0.639
6,0.311,0.199,0.953,0.536,0.287,0.286,1.453,0.412
6,0.332,0.797,2.073,0.678,0.251,0.420,1.582,0.554
6,0.527,1.141,2.702,0.574,0.135,0.749,1.589,1.383
7,0.361,0.273,1.533,0.701,0.188,0.213,1.701,0.853
7,0.278,0.435,2.272,0.206,0.257,0.377,0.446,1.142
7,0.345,0.135,1.565,1.168,0.217,0.531,2.330,0.559
7,0.108,0.255,3.448,0.822,0.116,0.429,1.742,1.590
7,0.176,0.348,0.922,0.830,0.257,0.493,1.731,0.386
8,0.159,0.888,1.244,1.002,0.280,0.176,2.150,0.340
8,0.387,0.087,0.280,0.595,0.149,0.301,1.422,0.129
8,0.204,0.269,2.006,0.572,0.284,0.495,1.387,0.875
8,0.190,0.277,0.908,0.294,0.231,0.136,0.578,0.322
9,0.123,0.892,1.163,1.359,0.072,0.729,2.513,0.480
9,0.194,0.499,1.511,0.561,0.217,0.154,1.399,0.569
9,0.192,0.243,2.661,0.678,0.261,0.312,1.670,1.097
9,0.152,0.287,2.739,1.380,0.159,0.330,2.064,1.132
10,0.246,0.133,0.729,1.065,0.132,0.564,2.165,0.247
10,0.132,0.419,1.234,1.697,0.142,0.545,3.509,0.919
10,0.149,0.281,1.142,0.530,0.175,0.264,1.098,0.563
10,0.148,0.599,1.412,0.547,0.238,0.363,1.414,0.533
10,0.203,0.352,2.549,0.139,0.259,0.781,0.417,1.106
11,0.195,0.590,1.247,0.495,0.140,0.571,1.606,0.581
11,0.117,0.589,0.981,0.776,0.353,0.332,1.125,0.355
11,0.234,0.126,1.809,0.540,0.348,0.085,1.344,0.320
11,0.382,0.065,1.078,0.648,0.204,0.357,1.404,0.441
12,0.273,0.351,1.548,0.887,0.177,0.376,1.485,0.740
12,0.103,0.583,2.059,0.976,0.438,0.286,1.977,0.829
12,0.117,0.536,0.937,0.614,0.241,0.415,1.964,0.403
12,0.105,0.836,3.210,0.349,0.152,0.216,0.988,1.126
12,0.249,0.764,1.384,0.568,0.055,0.632,1.061,0.730
13,0.282,0.887,2.116,0.554,0.051,0.816,1.399,1.029
13,0.216,0.338,1.331,0.289,0.384,1.036,0.859,0.533
13,0.148,0.133,0.641,0.786,0.232,0.173,1.859,0.240
13,0.100,0.514,1.674,0.544,0.265,0.481,1.247,0.524
14,0.305,0.901,2.660,0.297,0.167,0.237,0.751,0.994
14,0.168,0.877,3.058,0.258,0.120,0.546,0.664,1.333
14,0.135,0.481,2.488,0.710,0.089,1.272,1.509,1.203
14,0.086,0.283,0.290,0.753,0.271,0.478,1.670,0.109
14,0.178,0.367,1.313,0.810,0.158,0.723,1.524,0.533
15,0.217,0.706,2.150,0.357,0.095,0.467,0.732,0.874
15,0.201,0.239,2.004,0.612,0.296,0.179,1.807,0.711
15,0.097,0.429,0.635,1.117,0.191,0.539,2.299,0.301
15,0.045,0.185,1.676,0.581,0.117,0.630,1.332,1.016
16,0.158,0.249,0.886,0.427,0.763,1.083,0.838,0.337
16,0.120,0.934,1.531,0.718,0.363,0.227,1.925,0.639
16,0.191,0.223,0.555,0.720,0.104,0.569,2.903,0.208
16,0.344,1.076,2.175,0.609,0.091,0.701,1.967,0.885
17,0.107,0.485,1.659,0.904,0.141,0.795,1.841,0.646
17,0.355,1.072,1.612,0.465,0.347,0.691,1.044,1.110
17,0.101,0.599,0.979,0.768,0.241,0.271,1.603,0.705
17,0.117,0.343,0.549,0.634,0.400,0.291,1.393,0.287
17,0.262,0.319,1.266,0.398,0.225,0.208,1.107,0.746
18,0.156,0.894,2.838,0.565,0.056,0.752,2.013,1.180
18,0.340,0.157,1.096,0.759,0.207,0.148,1.769,0.937
18,0.081,0.338,1.013,0.600,0.362,0.106,1.343,0.381
18,0.469,0.880,0.940,0.302,0.446,0.147,1.095,0.341
19,0.141,0.455,1.545,0.544,0.162,0.254,1.172,1.465
19,0.101,0.390,2.224,1.341,0.142,0.284,2.622,0.985
19,0.105,0.503,1.236,1.094,0.192,0.347,1.930,0.460
19,0.145,0.342,0.739,0.732,0.203,0.453,1.494,0.333
19,0.098,1.564,1.401,0.788,0.459,0.267,1.808,0.553
20,0.183,0.463,1.431,0.810,0.220,0.212,1.782,0.876
20,0.064,0.390,0.893,0.420,0.355,0.085,1.173,0.395
20,0.167,0.438,1.275,0.410,0.344,0.701,1.098,0.580
20,0.315,0.668,1.753,0.403,0.290,1.330,1.432,0.726
21,0.141,0.404,0.463,0.779,0.311,0.327,1.726,0.118
21,0.150,0.866,0.344,0.823,0.394,0.039,1.517,0.162
21,0.104,0.494,0.739,1.471,0.123,0.420,2.181,0.534
21,0.194,0.356,0.717,0.460,0.279,0.407,1.077,0.333
21,0.101,0.705,1.147,0.529,0.237,0.646,1.082,0.450
22,0.140,0.290,1.623,0.976,0.137,0.628,1.805,0.488
22,0.222,0.493,2.454,0.882,0.133,0.524,1.972,0.722
22,0.219,0.584,1.583,0.289,0.194,0.200,1.696,1.066
22,0.161,0.459,0.251,0.866,0.193,1.008,1.721,0.102
23,0.179,0.332,0.759,0.577,0.171,0.334,1.518,0.340
23,0.085,0.489,2.470,0.580,0.207,0.318,1.150,1.129
23,0.208,0.311,1.175,0.701,0.294,0.269,0.758,0.473
23,0.068,0.543,1.415,0.124,0.162,0.217,0.394,0.724
24,0.265,0.289,1.615,0.436,0.275,1.088,1.027,0.817
24,0.094,0.481,1.045,0.789,0.242,0.311,1.342,0.442
24,0.368,0.551,0.815,0.511,0.161,0.200,0.858,0.378
24,0.192,0.515,1.190,0.396,0.036,0.798,1.317,0.482
24,0.247,1.025,1.269,0.399,0.092,1.011,1.322,0.649
25,0.058,0.635,0.904,0.503,0.251,1.128,1.245,0.339
25,0.243,0.204,0.848,0.387,0.210,0.408,0.846,0.426
25,0.290,0.520,1.531,0.612,0.037,1.132,1.822,0.804
25,0.379,0.404,0.641,0.366,0.200,0.587,1.396,0.306
26,0.115,0.467,0.367,0.586,0.217,1.298,1.200,0.151
26,0.236,0.203,0.162,0.763,0.210,0.481,1.211,0.068
26,0.175,0.192,1.451,0.043,0.168,0.886,0.115,0.579
26,0.101,0.347,1.076,0.716,0.335,0.505,1.192,0.292
26,0.191,0.202,1.689,0.395,0.361,0.334,0.788,0.735
27,0.219,0.228,0.996,0.366,0.235,0.934,0.802,0.313
27,0.228,0.444,0.867,0.638,0.329,0.655,1.542,0.307
27,0.257,0.719,0.975,0.661,0.207,1.346,1.026,0.519
27,0.169,0.511,1.384,0.477,0.163,0.518,1.184,0.418
28,0.399,0.621,1.149,0.356,0.330,0.149,1.411,0.503
28,0.072,0.556,1.667,0.289,0.065,0.617,0.950,1.016
28,0.245,0.284,1.273,0.425,0.047,0.780,1.528,0.686
28,0.465,0.036,0.500,0.584,0.409,0.495,1.050,0.288
28,0.070,0.467,0.314,0.543,0.078,0.659,1.136,0.093
29,0.135,0.581,1.668,0.651,0.115,0.342,1.355,0.764
29,0.182,2.110,1.091,1.207,0.178,0.233,1.867,0.573
29,0.462,0.698,1.162,0.590,0.240,0.563,1.618,0.522
29,0.119,0.322,0.398,0.510,0.520,1.210,0.930,0.149
30,0.082,0.435,2.037,0.165,0.284,0.609,0.313,0.757
30,0.259,0.156,1.253,1.475,0.333,0.195,3.553,0.453
30,0.280,0.097,1.450,0.356,0.123,0.671,0.686,0.531
30,0.028,0.880,1.200,0.674,0.071,0.547,1.341,0.589
31,0.053,0.346,1.082,0.447,0.197,0.295,1.491,0.444
31,0.344,0.345,1.055,0.530,0.225,0.586,1.309,0.441
31,0.114,0.390,2.088,0.399,0.346,0.653,1.153,0.784
31,0.104,0.561,1.305,0.525,0.158,0.514,1.302,0.733
31,0.171,0.206,2.738,0.767,0.104,0.529,1.013,1.075
32,0.141,0.531,2.045,1.252,0.209,0.218,2.521,0.589
32,0.142,0.293,1.278,0.324,0.126,0.570,0.873,0.588
32,0.157,0.387,2.283,0.877,0.119,0.407,1.974,0.941
32,0.255,0.295,0.873,0.358,0.252,0.388,0.850,0.157
33,0.277,0.674,0.147,0.459,0.123,0.656,1.019,0.071
33,0.081,0.576,1.550,1.677,0.298,0.689,3.361,0.383
33,0.095,0.532,1.320,0.701,0.110,0.381,1.142,0.573
33,0.456,0.075,1.460,0.432,0.341,0.698,1.122,0.522
33,0.311,0.271,0.145,0.443,0.302,0.217,1.110,0.050
34,0.199,0.504,2.149,0.598,0.037,0.666,1.314,0.641
34,0.193,0.924,2.583,0.486,0.193,0.247,1.005,0.425
34,0.194,0.288,1.970,0.326,0.106,0.197,0.732,0.914
34,0.075,0.968,0.895,0.508,0.584,0.037,0.680,0.469
35,0.037,0.531,1.339,0.874,0.074,0.477,1.549,0.896
35,0.123,0.970,1.505,1.645,0.186,0.610,3.509,0.621
35,0.125,0.727,0.558,0.474,0.315,0.345,1.028,0.253
35,0.197,0.162,0.252,0.810,0.298,0.398,1.491,0.081
35,0.207,0.318,0.863,0.740,0.294,0.371,1.400,0.259
36,0.064,0.606,0.648,0.060,0.320,0.474,0.173,0.349
36,0.186,0.897,1.022,0.316,0.473,1.132,0.964,0.390
36,0.254,0.187,0.174,0.428,0.239,0.651,1.586,0.068
36,0.294,0.985,1.388,0.358,0.189,0.320,1.009,0.722
37,0.257,0.545,1.107,0.118,0.085,0.436,0.314,0.501
37,0.204,0.189,1.269,0.164,0.369,0.151,0.365,0.656
37,0.071,0.498,0.618,0.275,0.173,0.320,1.170,0.175
37,0.152,0.358,1.393,0.892,0.081,0.626,1.801,0.616
38,0.106,0.359,1.276,0.376,0.069,0.631,0.747,0.460
38,0.326,0.241,0.763,0.445,0.244,0.478,1.244,0.284
38,0.245,0.488,1.230,0.632,0.444,0.329,1.729,0.447
38,0.222,0.307,1.232,0.457,0.254,0.883,0.899,0.529
38,0.103,0.530,1.016,0.342,0.111,0.828,0.992,0.625
39,0.198,0.556,0.700,0.196,0.077,0.149,0.563,0.288
39,0.192,0.166,1.207,0.412,0.132,0.306,1.072,0.719
39,0.215,0.201,3.638,0.649,0.140,0.389,2.022,1.478
39,0.110,0.690,1.041,0.759,0.196,0.464,1.576,0.679
40,0.315,0.624,1.457,0.113,0.117,0.630,0.242,0.704
40,0.142,0.381,0.790,0.876,0.260,0.172,2.068,0.692
40,0.059,0.638,1.271,0.742,0.161,0.175,1.323,0.299
40,0.153,0.305,0.661,0.734,0.192,0.525,2.417,0.194
40,0.289,0.277,1.454,0.559,0.086,0.501,0.809,0.683
41,0.199,0.293,0.461,0.707,0.116,0.548,1.062,0.252
41,0.282,0.146,0.570,0.203,0.229,0.593,0.486,0.231
41,0.089,0.358,0.658,0.544,0.254,0.603,1.300,0.553
41,0.154,0.411,1.047,0.318,0.306,0.348,0.801,0.461
42,0.639,0.345,0.699,0.896,0.212,0.479,1.777,0.263
42,0.086,0.591,3.660,0.756,0.040,0.888,1.137,1.773
42,0.173,0.517,1.051,0.494,0.183,0.216,1.149,0.689
42,0.044,0.639,2.008,0.780,0.194,0.194,0.936,0.761
42,0.119,0.746,0.880,0.653,0.024,0.406,1.020,0.431
43,0.222,0.688,0.975,0.210,0.147,0.279,0.605,0.485
43,0.131,0.372,0.905,0.342,0.251,0.547,0.658,0.254
43,0.185,0.219,0.978,0.625,0.116,0.437,1.594,0.553
43,0.170,0.317,1.893,0.601,0.126,0.301,1.081,0.919
44,0.228,0.052,0.752,0.248,0.299,0.601,0.654,0.280
44,0.219,0.486,1.283,0.429,0.094,0.278,1.559,0.388
44,0.294,0.510,0.781,0.403,0.217,0.176,0.891,0.342
44,0.227,0.532,0.994,0.601,0.261,0.228,1.334,0.391
45,0.274,0.108,1.452,0.732,0.047,0.754,1.317,0.671
45,0.229,0.213,1.445,0.464,0.076,0.433,1.230,0.954
45,0.065,0.810,1.881,0.740,0.120,0.427,1.553,0.525
45,0.236,0.125,1.435,0.711,0.063,0.612,1.866,0.869
45,0.216,0.376,0.388,0.279,0.108,0.602,0.748,0.207
46,0.268,0.848,1.140,0.455,0.165,0.264,1.499,0.421
46,0.063,0.421,1.431,0.537,0.146,0.284,1.556,0.396
46,0.071,0.515,1.510,0.580,0.207,0.249,1.079,0.936
46,0.025,0.844,0.807,0.077,0.141,0.421,0.184,0.394
47,0.107,0.357,1.048,0.383,0.099,0.274,1.173,0.439
47,0.265,0.389,1.305,0.230,0.258,0.187,0.635,0.537
47,0.181,0.500,0.242,0.168,0.208,0.912,0.444,0.076
47,0.357,0.074,0.313,0.470,0.156,0.271,1.526,0.122
47,0.320,0.219,0.393,0.220,0.218,0.423,0.453,0.140
48,0.087,0.558,0.937,0.747,0.078,0.724,1.390,0.294
48,0.154,1.042,1.869,0.277,0.100,0.486,0.766,0.964
48,0.085,0.737,1.350,0.612,0.157,0.252,1.738,0.351
48,0.031,0.842,1.352,0.747,0.216,0.981,0.851,0.513
49,0.110,0.770,0.631,0.411,0.252,0.253,0.882,0.270
49,0.201,0.816,1.027,0.078,0.203,0.949,0.307,0.225
49,0.325,0.849,1.332,0.244,0.079,0.526,0.776,0.680
49,0.412,0.307,1.105,0.389,0.184,0.705,0.662,0.499
49,0.287,0.655,0.611,0.215,0.213,0.284,0.538,0.269
50,0.085,0.402,2.837,0.346,0.199,0.239,0.668,1.658
50,0.101,0.496,0.691,0.364,0.544,0.740,0.815,0.275
50,0.447,1.139,0.636,0.265,0.039,0.206,0.439,0.492
50,0.051,0.740,0.995,0.533,0.183,0.445,0.798,0.278
51,0.128,0.683,1.464,0.694,0.154,0.927,1.405,0.329
51,0.241,0.747,0.761,0.358,0.190,0.295,0.878,0.352
51,0.141,0.582,0.395,0.276,0.224,0.375,0.626,0.202
51,0.122,0.785,0.579,0.150,0.105,0.710,0.345,0.227
52,0.128,0.646,0.655,0.570,0.265,0.448,1.126,0.300
52,0.213,0.975,0.818,0.263,0.178,0.842,0.560,0.379
52,0.261,0.310,1.418,0.674,0.133,0.210,1.182,0.472
52,0.206,0.968,2.106,0.284,0.207,0.960,0.829,0.961
52,0.144,0.540,1.653,0.577,0.097,0.419,1.312,0.853
53,0.173,0.822,1.190,0.215,0.175,0.316,0.488,0.454
53,0.112,0.456,2.739,0.558,0.081,0.683,1.476,1.036
53,0.157,0.316,0.543,0.434,0.183,0.421,1.047,0.227
53,0.373,0.143,0.565,0.484,0.147,0.301,0.801,0.272
54,0.228,0.676,1.377,0.111,0.239,0.107,0.514,0.692
54,0.150,0.344,1.216,0.470,0.286,0.548,1.014,0.483
54,0.310,0.326,1.664,0.364,0.155,0.129,1.108,0.739
54,0.231,0.574,1.370,0.356,0.094,0.439,1.355,0.592
54,0.161,0.541,0.921,0.295,0.235,0.279,0.760,0.637
55,0.046,0.811,0.962,1.034,0.161,0.283,1.538,0.436
55,0.148,0.818,0.539,0.304,0.259,1.249,0.645,0.211
55,0.164,0.268,0.868,0.636,0.096,0.566,0.863,0.223
55,0.171,0.589,0.687,0.403,0.171,0.142,0.970,0.747
56,0.201,0.333,0.672,0.303,0.258,0.168,0.591,0.164
56,0.432,0.683,0.667,0.784,0.286,1.263,1.700,0.196
56,0.295,0.126,0.421,0.476,0.370,0.336,1.036,0.155
56,0.202,0.220,1.009,0.327,0.372,1.133,0.794,0.711
56,0.072,0.219,1.058,0.338,0.340,0.497,0.681,0.448
57,0.345,0.435,1.377,0.540,0.159,1.617,1.173,0.639
57,0.210,0.060,0.621,0.804,0.130,0.352,1.522,0.641
57,0.150,0.434,1.068,0.059,0.161,0.456,0.151,0.597
57,0.251,0.295,0.757,0.717,0.246,0.410,1.280,0.234
58,0.129,0.514,0.632,0.154,0.109,0.607,0.367,0.338
58,0.068,1.225,1.373,0.370,0.146,0.373,1.037,0.427
58,0.193,0.233,1.019,0.277,0.167,0.323,0.703,0.488
58,0.120,0.707,0.680,0.300,0.297,1.521,0.681,0.408
59,0.117,0.491,1.875,0.508,0.151,0.529,1.336,0.929
59,0.220,0.336,1.265,0.422,0.020,0.319,0.478,0.739
59,0.264,0.860,2.654,0.385,0.094,0.470,0.896,1.826
59,0.177,0.370,1.683,0.688,0.471,0.133,1.870,0.527
59,0.262,0.134,1.473,0.488,0.268,0.250,1.322,0.805
60,0.111,0.219,1.511,0.383,0.413,0.969,1.146,0.643
60,0.097,0.411,1.326,0.881,0.199,0.277,1.142,0.527
60,0.135,0.506,2.228,0.256,0.279,0.111,0.634,1.002
60,0.125,0.769,0.722,0.610,0.061,0.654,1.261,0.348
61,0.185,0.223,0.431,0.442,0.207,0.533,1.339,0.250
61,0.144,0.298,2.481,0.259,0.030,0.884,0.630,1.218
61,0.163,0.491,0.874,0.461,0.256,0.224,0.974,0.341
61,0.268,0.484,1.350,0.282,0.152,0.621,0.804,0.341
61,0.157,0.370,1.369,0.787,0.385,0.054,2.265,0.435
62,0.036,0.667,2.125,0.553,0.206,0.226,1.338,0.974
62,0.282,0.490,0.302,0.139,0.173,0.150,0.260,0.123
62,0.085,0.749,0.576,0.432,0.173,0.337,1.239,0.252
62,0.264,0.329,1.182,0.163,0.128,0.342,0.571,0.408
63,0.279,0.407,0.928,0.294,0.312,0.149,1.093,0.352
63,0.102,0.284,1.337,0.576,0.134,0.351,1.082,0.635
63,0.146,0.358,1.581,0.276,0.137,0.512,0.750,0.575
63,0.289,0.303,0.713,0.089,0.170,0.539,0.283,0.303
63,0.049,0.578,0.497,0.602,0.196,0.351,1.000,0.218
64,0.150,0.077,0.282,0.257,0.187,0.277,0.449,0.111
64,0.066,0.558,0.670,0.532,0.372,0.492,0.991,0.358
64,0.214,0.446,0.617,0.260,0.114,0.412,0.535,0.260
64,0.091,0.421,1.870,0.645,0.107,0.561,0.880,0.370
65,0.449,0.801,0.684,0.319,0.303,0.485,0.513,0.283
65,0.218,0.491,0.756,0.616,0.161,0.024,0.605,0.410
65,0.160,0.371,1.021,0.652,0.245,0.186,0.954,0.395
65,0.404,0.115,0.586,0.466,0.074,0.347,0.744,0.341
66,0.190,0.676,0.652,0.242,0.126,0.598,0.598,0.454
66,0.260,0.384,0.843,0.482,0.193,0.194,1.107,0.378
66,0.054,1.214,0.768,0.151,0.191,0.535,0.304,0.295
66,0.207,1.307,1.008,0.189,0.172,0.460,0.466,0.475
66,0.145,0.954,1.700,0.330,0.092,0.404,0.651,0.666
67,0.345,0.280,0.433,0.387,0.311,0.343,1.117,0.297
67,0.111,0.289,0.734,0.337,0.288,0.551,0.947,0.357
67,0.340,0.354,1.027,0.100,0.198,0.269,0.235,0.374
67,0.031,0.726,0.863,0.786,0.208,0.181,1.451,0.231
68,0.292,0.225,0.981,0.318,0.180,0.274,0.892,0.334
68,0.225,0.270,0.889,0.094,0.259,0.425,0.230,0.288
68,0.552,0.056,0.760,0.336,0.203,0.573,0.692,0.310
68,0.066,0.509,1.089,0.404,0.303,0.112,1.117,0.321
68,0.122,0.564,1.087,0.286,0.262,0.259,0.805,0.436
69,0.185,0.673,0.889,0.265,0.121,0.397,1.634,0.276
69,0.258,0.302,0.825,0.086,0.212,0.475,0.247,0.490
69,0.290,0.341,1.675,0.203,0.154,0.224,0.371,0.663
69,0.178,0.478,0.497,0.318,0.282,0.647,0.848,0.324
70,0.165,0.337,1.180,0.237,0.194,0.236,0.551,0.349
70,0.180,0.099,0.353,0.583,0.364,0.189,1.426,0.136
70,0.069,0.057,0.879,0.425,0.252,0.472,1.117,0.387
70,0.196,0.132,1.235,0.326,0.097,0.438,1.249,0.268
70,0.082,0.500,0.541,0.336,0.185,0.395,0.891,0.263
71,0.274,0.738,1.208,0.192,0.245,0.190,0.720,0.573
71,0.212,0.199,0.876,0.281,0.300,0.377,0.607,0.497
71,0.156,0.341,0.812,0.460,0.134,0.707,1.669,0.241
71,0.347,0.872,2.060,0.233,0.393,0.047,0.508,0.718
72,0.205,0.715,0.508,0.585,0.200,0.361,0.833,0.296
72,0.181,0.231,0.511,0.829,0.322,0.556,1.787,0.347
72,0.144,0.329,0.494,0.373,0.384,0.264,0.715,0.206
72,0.273,0.673,0.104,0.135,0.235,0.421,0.255,0.048
73,0.269,0.126,0.690,0.274,0.198,0.257,0.983,0.296
73,0.453,0.381,1.449,0.382,0.117,0.346,0.988,0.608
73,0.358,0.708,0.909,0.284,0.042,0.580,0.629,0.300
73,0.218,0.241,0.200,0.300,0.346,0.247,1.149,0.090
73,0.201,0.571,0.688,0.252,0.123,0.384,0.621,0.735
74,0.152,0.473,0.524,0.187,0.238,0.261,0.353,0.194
74,0.037,0.449,0.945,0.625,0.136,0.806,0.968,0.381
74,0.143,0.598,0.696,0.132,0.161,0.339,0.301,0.304
74,0.417,0.688,0.517,0.277,0.287,0.414,0.619,0.665
75,0.214,0.177,1.186,0.493,0.205,0.539,0.878,0.375
75,0.328,0.102,0.740,0.242,0.275,0.465,0.564,0.362
75,0.284,0.277,0.852,0.432,0.237,0.529,0.996,0.238
75,0.142,0.312,1.346,0.483,0.174,0.330,1.036,0.291
75,0.074,0.287,0.115,0.251,0.102,0.612,1.237,0.052
76,0.227,0.425,0.470,0.387,0.373,0.176,0.858,0.263
76,0.207,0.231,0.820,0.162,0.097,0.711,0.897,0.454
76,0.152,0.388,1.134,0.386,0.114,0.383,0.895,0.559
76,0.105,0.506,0.344,0.295,0.123,0.551,0.542,0.219
77,0.119,0.504,0.209,0.316,0.232,0.447,0.664,0.119
77,0.166,0.467,0.865,0.111,0.172,0.340,0.325,0.317
77,0.336,0.911,0.828,0.638,0.133,0.407,1.216,0.874
77,0.395,0.249,0.316,0.232,0.075,0.547,0.444,0.117
77,0.256,0.304,0.916,0.364,0.287,1.076,0.848,0.315
78,0.162,0.152,1.341,0.960,0.423,1.364,1.269,0.640
78,0.185,0.223,0.835,0.382,0.081,1.217,0.650,0.346
78,0.177,0.669,1.169,0.758,0.065,0.244,1.607,0.405
78,0.137,0.617,0.780,0.533,0.289,0.065,1.283,0.554
79,0.146,0.738,0.198,0.130,0.369,0.441,0.282,0.111
79,0.178,0.240,0.234,0.788,0.194,0.536,1.312,0.088
79,0.264,0.999,1.253,0.171,0.104,0.292,0.327,0.520
79,0.182,0.462,0.439,0.196,0.330,0.583,0.456,0.193
80,0.114,0.395,0.123,0.902,0.103,0.584,1.122,0.058
80,0.068,0.668,0.580,0.363,0.253,0.294,0.629,0.344
80,0.131,0.567,0.736,0.488,0.201,0.065,1.078,0.308
80,0.152,0.200,1.077,0.229,0.246,0.699,1.128,0.420
80,0.080,0.819,1.118,0.444,0.346,0.251,0.960,0.517
81,0.256,0.163,1.430,0.392,0.124,0.413,0.971,0.329
81,0.191,0.411,0.629,0.213,0.136,0.893,0.873,0.215
81,0.170,0.246,0.525,0.218,0.353,0.184,0.571,0.246
81,0.285,0.580,1.573,0.370,0.108,0.473,1.100,0.503
82,0.072,0.124,1.438,0.205,0.391,0.389,0.492,0.405
82,0.181,0.628,0.649,0.459,0.244,0.579,1.126,0.329
82,0.107,0.394,0.673,0.255,0.080,0.216,0.771,0.346
82,0.226,0.088,1.241,0.315,0.295,0.090,0.647,0.601
82,0.397,0.052,0.527,0.561,0.345,0.536,1.191,0.209
83,0.353,0.290,0.727,0.730,0.485,0.071,0.836,0.293
83,0.203,0.315,0.729,0.133,0.322,0.252,0.903,0.222
83,0.205,0.405,0.209,0.377,0.291,0.295,0.807,0.083
83,0.209,0.314,0.761,0.408,0.105,0.370,0.764,0.435
84,0.607,0.051,0.448,0.241,0.212,0.173,0.675,0.242
84,0.192,0.430,0.944,0.350,0.226,0.153,0.709,0.319
84,0.406,0.131,0.662,0.228,0.229,0.287,0.455,0.393
84,0.303,0.413,0.696,0.319,0.400,0.617,0.988,0.240
84,0.110,0.586,0.790,0.152,0.270,0.284,0.380,0.665
85,0.212,0.099,0.989,0.294,0.287,0.304,0.706,0.417
85,0.221,0.945,0.730,0.375,0.144,0.547,1.302,0.405
85,0.052,0.629,0.860,0.128,0.159,0.590,0.478,0.509
85,0.126,0.354,1.665,0.440,0.048,0.719,0.515,0.691
86,0.180,0.312,0.312,0.359,0.022,0.974,0.865,0.156
86,0.130,0.613,0.764,0.085,0.177,0.708,0.184,0.348
86,0.270,0.626,0.155,0.178,0.159,0.297,0.155,0.047
86,0.134,0.136,1.555,0.278,0.112,0.662,0.728,1.093
87,0.190,0.497,0.682,0.323,0.266,0.142,0.712,0.192
87,0.147,0.452,0.469,0.694,0.333,0.287,1.365,0.160
87,0.117,0.556,0.447,0.305,0.155,0.466,0.593,0.221
87,0.135,0.399,0.962,0.178,0.342,0.113,0.360,0.444
87,0.165,0.480,2.181,0.537,0.257,0.210,1.140,0.409
88,0.085,0.207,0.864,0.085,0.157,0.201,0.184,0.354
88,0.221,0.184,0.683,0.187,0.217,0.729,0.417,0.297
88,0.137,0.193,1.149,0.251,0.287,0.214,0.664,0.349
88,0.264,0.190,0.153,0.435,0.162,0.523,1.204,0.044
89,0.121,0.778,0.711,0.528,0.190,0.577,1.017,0.255
89,0.154,0.671,1.111,0.145,0.125,0.292,0.300,0.228
89,0.111,0.226,0.517,0.469,0.079,0.679,1.000,0.266
89,0.134,0.492,0.751,0.130,0.338,0.223,0.268,0.230
89,0.255,0.845,0.824,0.430,0.225,0.386,1.073,0.198
90,0.247,0.493,0.943,0.419,0.182,0.284,0.852,0.453
90,0.311,0.695,1.445,0.240,0.196,0.096,0.582,0.490
90,0.299,0.383,1.089,0.153,0.231,0.250,0.403,0.407
90,0.097,0.462,0.692,0.622,0.103,0.390,0.774,0.368
91,0.176,1.725,0.068,0.262,0.222,0.154,1.095,0.031
91,0.100,0.950,0.797,0.371,0.167,0.475,0.980,0.450
91,0.144,0.659,0.963,0.333,0.228,0.352,0.679,0.295
91,0.294,0.160,0.349,0.197,0.201,0.578,0.703,0.132
91,0.218,0.455,0.668,0.242,0.213,0.783,1.024,0.404
92,0.205,0.362,0.702,0.547,0.226,0.231,1.014,0.155
92,0.142,0.364,1.406,0.147,0.157,0.495,0.441,0.654
92,0.165,0.293,0.884,0.498,0.218,0.235,1.239,0.249
92,0.324,0.599,0.652,0.318,0.169,0.217,0.962,0.271
93,0.370,0.951,0.863,0.166,0.101,0.291,0.744,0.357
93,0.077,1.059,0.752,0.171,0.102,0.287,0.419,0.437
93,0.235,0.358,0.973,0.262,0.216,0.135,0.425,0.516
93,0.192,0.308,1.721,0.563,0.142,0.696,1.350,0.547
94,0.129,0.315,0.252,0.149,0.262,0.779,0.491,0.102
94,0.214,0.174,0.621,0.526,0.112,0.625,0.827,0.323
94,0.149,0.654,0.581,0.220,0.219,0.504,0.683,0.263
94,0.188,0.339,0.664,0.338,0.228,0.369,0.568,0.247
94,0.162,0.299,0.713,0.426,0.271,0.341,0.973,0.170
95,0.169,0.434,0.334,0.257,0.315,0.232,0.455,0.141
95,0.147,0.770,0.172,0.264,0.273,0.338,0.456,0.049
95,0.247,0.087,0.452,0.436,0.317,0.191,0.860,0.120
95,0.273,0.593,0.334,0.190,0.343,0.375,0.540,0.161
96,0.048,0.724,0.301,0.338,0.363,0.736,0.741,0.165
96,0.102,0.483,0.559,0.276,0.566,0.411,0.521,0.201
96,0.396,0.141,0.475,0.312,0.487,0.365,0.698,0.365
96,0.727,0.275,0.492,0.233,0.128,0.285,0.667,0.245
96,0.155,0.281,1.459,0.183,0.175,0.330,0.422,1.123
97,0.135,0.375,0.247,0.694,0.343,0.593,1.573,0.122
97,0.244,0.364,0.670,0.184,0.228,0.488,0.440,0.251
97,0.172,0.149,0.527,0.242,0.451,0.936,0.952,0.254
97,0.325,0.142,1.561,0.075,0.066,0.696,0.238,1.408
98,0.126,0.697,1.053,0.699,0.227,0.341,0.698,0.389
98,0.087,0.916,0.746,0.583,0.132,0.739,1.381,0.277
98,0.144,0.424,0.249,0.143,0.081,0.088,0.659,0.096
98,0.251,0.985,1.425,0.543,0.249,0.353,1.068,0.287
98,0.250,0.245,0.854,0.603,0.324,0.725,1.225,0.259
99,0.084,0.775,0.774,0.172,0.141,0.982,0.467,0.318
99,0.188,0.533,0.544,0.276,0.105,0.188,0.538,0.254
99,0.191,0.364,1.483,0.144,0.045,0.420,0.316,0.666
99,0.172,0.234,0.347,0.175,0.309,0.308,0.809,0.110
100,0.236,0.549,1.144,0.310,0.157,0.416,0.634,0.379
100,0.148,0.549,0.647,0.290,0.087,0.222,1.124,0.503
100,0.311,0.314,0.681,0.082,0.302,0.293,0.226,0.264
100,0.199,0.216,0.621,0.234,0.084,0.539,0.817,0.324
100,0.262,0.350,0.941,0.045,0.198,0.307,0.114,0.745
101,0.145,0.904,0.062,0.571,0.105,0.390,1.169,0.020
101,0.249,0.237,0.472,0.206,0.345,0.963,0.679,0.134
101,0.074,0.468,1.036,0.661,0.278,0.926,0.650,0.467
101,0.297,0.254,1.173,0.240,0.087,0.547,0.657,0.263
102,0.257,0.224,0.781,0.124,0.333,0.273,0.261,0.298
102,0.157,0.453,1.265,0.449,0.400,0.355,0.390,0.430
102,0.268,0.188,0.116,0.223,0.242,0.564,0.484,0.049
102,0.371,0.427,0.984,0.083,0.331,0.665,0.214,0.429
103,0.315,0.093,0.663,0.057,0.206,0.424,0.117,0.444
103,0.321,0.157,0.868,0.268,0.130,0.446,1.026,0.174
103,0.147,0.658,0.751,0.340,0.222,0.264,0.520,0.390
103,0.213,0.431,0.553,0.231,0.262,0.474,0.596,0.245
103,0.127,0.842,0.222,0.170,0.199,0.369,0.748,0.139
104,0.101,0.507,0.561,0.416,0.171,0.681,1.018,0.152
104,0.225,0.432,0.964,0.234,0.153,0.253,0.799,0.731
104,0.251,0.200,0.425,0.293,0.191,0.255,0.841,0.482
104,0.122,0.319,0.593,0.184,0.376,0.534,0.340,0.230
105,0.256,0.324,0.638,0.303,0.231,0.257,0.948,0.222
105,0.337,0.461,1.144,0.249,0.237,0.461,0.535,0.456
105,0.293,0.230,0.497,0.226,0.404,0.100,0.489,0.212
105,0.106,0.279,1.007,0.355,0.107,0.308,0.540,0.262
105,0.331,0.122,0.228,0.150,0.293,0.595,0.419,0.116
106,0.193,0.422,0.654,0.319,0.365,0.282,0.456,0.296
106,0.424,0.844,0.944,0.161,0.234,0.188,0.472,0.388
106,0.243,0.333,0.680,0.157,0.230,0.649,0.838,0.282
106,0.192,0.265,0.488,0.237,0.191,0.702,0.753,0.317
107,0.248,0.413,0.606,0.438,0.245,0.339,0.957,0.240
107,0.057,0.362,0.560,0.731,0.220,0.219,1.781,0.281
107,0.110,0.487,0.961,0.252,0.180,0.660,0.602,0.411
107,0.304,0.119,0.432,0.215,0.131,0.739,0.399,0.224
107,0.220,0.432,0.451,0.389,0.239,0.489,1.111,0.159
108,0.215,0.405,0.954,0.161,0.134,0.170,0.370,0.175
108,0.460,0.059,0.696,0.348,0.389,0.353,1.052,0.212
108,0.188,0.559,0.551,0.225,0.197,0.368,0.527,0.281
108,0.120,0.751,0.845,0.223,0.149,0.372,0.571,0.203
109,0.291,0.295,0.893,0.865,0.125,0.306,1.013,0.495
109,0.204,0.222,0.447,0.171,0.089,0.426,0.392,0.179
109,0.462,0.607,0.811,0.191,0.073,0.152,0.607,0.358
109,0.203,0.414,0.723,0.181,0.204,0.368,0.554,0.325
110,0.254,0.252,0.969,0.165,0.315,0.121,0.366,0.564
110,0.165,0.386,0.368,0.342,0.280,0.141,0.859,0.224
110,0.122,0.305,0.554,0.294,0.213,0.426,0.648,0.413
110,0.101,0.751,0.276,0.429,0.242,0.242,1.099,0.104
110,0.251,0.451,1.057,0.368,0.347,0.065,1.224,0.328
111,0.087,0.610,0.308,0.489,0.379,0.532,1.130,0.142
111,0.301,0.290,0.644,0.178,0.165,0.386,0.653,0.249
111,0.225,0.596,1.022,0.505,0.140,0.481,0.967,0.452
111,0.285,0.280,0.718,0.369,0.189,0.659,0.846,0.190
112,0.135,0.450,0.540,0.375,0.144,0.500,0.859,0.222
112,0.125,0.809,0.477,0.642,0.132,0.551,1.377,0.206
112,0.168,0.303,0.328,0.290,0.509,0.154,0.588,0.178
112,0.217,0.200,0.778,0.198,0.229,0.556,1.101,0.236
112,0.179,0.287,0.235,0.202,0.139,0.379,0.888,0.105
113,0.535,0.671,0.850,0.401,0.146,0.513,0.716,0.265
113,0.183,0.720,0.356,0.334,0.156,0.330,0.475,0.158
113,0.225,0.236,0.764,0.238,0.267,0.374,0.863,0.167
113,0.112,0.522,1.279,0.844,0.181,0.351,1.351,0.535
114,0.178,0.583,0.729,0.322,0.108,0.230,0.778,0.397
114,0.546,0.978,0.323,0.474,0.204,0.173,0.720,0.177
114,0.144,0.852,0.573,0.248,0.161,0.263,0.483,0.289
114,0.253,0.455,0.557,0.511,0.315,0.458,0.921,0.277
114,0.497,0.144,0.666,0.137,0.340,0.098,0.294,0.215
115,0.190,0.327,0.784,0.426,0.209,0.340,0.553,0.326
115,0.309,0.264,0.357,0.230,0.163,0.341,0.592,0.329
115,0.151,0.381,0.406,0.324,0.160,0.365,0.533,0.161
115,0.131,0.673,0.614,0.164,0.277,0.591,0.357,0.146
116,0.130,0.312,0.720,0.207,0.349,0.296,0.545,0.367
116,0.078,0.617,0.867,0.101,0.082,0.499,0.263,0.398
116,0.170,0.551,0.602,0.198,0.192,0.553,0.533,0.217
116,0.032,0.498,0.839,0.093,0.113,0.543,0.186,0.504
117,0.072,0.823,1.111,0.324,0.174,0.382,0.551,0.590
117,0.327,0.724,0.499,0.079,0.127,0.237,0.209,0.160
117,0.129,0.146,1.287,0.350,0.311,0.509,0.580,0.321
117,0.102,0.781,0.786,0.299,0.144,0.353,0.708,0.212
117,0.351,0.170,0.620,0.150,0.092,0.360,0.373,0.572
118,0.248,0.219,0.526,0.251,0.266,0.494,0.599,0.175
118,0.341,0.089,0.262,0.229,0.220,0.409,0.773,0.118
118,0.213,0.769,0.777,0.232,0.119,0.483,0.678,0.541
118,0.193,0.844,0.764,0.250,0.313,0.592,0.330,0.246
119,0.076,0.456,0.305,0.057,0.217,0.344,0.195,0.139
119,0.210,0.176,1.094,0.060,0.140,0.420,0.116,0.392
119,0.398,0.133,0.776,0.083,0.338,1.095,0.209,0.260
119,0.090,0.675,0.493,0.279,0.166,0.345,0.646,0.493
119,0.271,0.404,0.507,0.081,0.117,0.167,0.184,0.403
120,0.077,0.504,0.626,0.291,0.308,1.131,0.683,0.251
120,0.211,0.316,0.378,0.258,0.220,0.490,0.740,0.146
120,0.172,0.478,0.755,0.316,0.126,0.554,1.170,0.475
120,0.169,0.653,0.466,0.426,0.352,0.317,0.830,0.184
121,0.102,0.467,0.581,0.395,0.483,0.726,0.763,0.281
121,0.160,0.830,1.019,0.261,0.345,0.323,0.580,0.462
121,0.159,0.330,0.575,0.224,0.209,0.289,0.489,0.173
121,0.239,0.436,0.711,0.351,0.132,0.505,0.496,0.300
121,0.189,0.491,0.395,0.252,0.249,0.485,0.656,0.134
122,0.268,0.430,0.477,0.118,0.221,0.299,0.297,0.237
122,0.240,0.292,0.200,0.155,0.169,0.610,0.371,0.088
122,0.076,0.461,0.526,0.036,0.226,0.600,0.094,0.241
122,0.244,0.316,0.424,0.228,0.364,0.146,0.540,0.178
123,0.192,0.827,0.590,0.111,0.077,0.761,0.345,0.283
123,0.099,0.544,1.675,0.296,0.088,0.897,0.823,0.545
123,0.173,0.685,0.354,0.302,0.170,0.084,0.759,0.216
123,0.245,0.635,0.772,0.297,0.053,0.775,0.445,0.352
124,0.456,0.037,0.324,0.164,0.210,0.230,0.438,0.126
124,0.085,0.590,0.760,0.120,0.092,0.627,0.298,0.502
124,0.129,0.478,0.905,0.120,0.110,0.548,0.223,0.417
124,0.124,0.416,0.379,0.191,0.218,0.389,0.649,0.245
124,0.037,0.701,0.583,0.270,0.197,0.212,0.625,0.734
125,0.222,0.369,0.530,0.171,0.420,0.380,0.489,0.251
125,0.132,0.372,0.373,0.254,0.155,0.703,0.386,0.191
125,0.224,0.231,0.397,0.142,0.174,0.317,0.550,0.133
125,0.260,0.372,0.368,0.217,0.212,0.546,0.699,0.153
126,0.234,0.309,0.472,0.168,0.228,0.441,0.507,0.212
126,0.151,0.322,0.590,0.382,0.207,0.408,0.841,0.421
126,0.151,0.237,0.868,0.246,0.147,0.583,0.485,0.346
126,0.246,0.243,0.406,0.188,0.187,0.563,0.326,0.120
126,0.311,0.529,0.447,0.263,0.266,0.419,0.931,0.182
127,0.048,0.626,1.302,0.138,0.136,0.396,0.262,0.880
127,0.228,0.182,0.498,0.622,0.129,0.643,0.709,0.261
127,0.137,0.693,0.619,0.241,0.101,0.663,0.632,0.581
127,0.052,0.648,0.468,0.196,0.225,0.210,0.506,0.197
128,0.371,0.051,0.331,0.239,0.253,0.468,0.547,0.246
128,0.180,0.691,0.670,0.519,0.287,0.134,0.754,0.259
128,0.158,0.474,0.562,0.230,0.262,0.515,0.395,0.186
128,0.530,0.457,0.261,0.338,0.212,0.436,0.601,0.105
128,0.106,0.419,0.603,0.104,0.194,0.318,0.247,0.202
129,0.139,0.434,0.491,0.204,0.207,0.664,0.494,0.431
129,0.241,0.340,0.337,0.255,0.177,0.239,0.514,0.151
129,0.219,0.294,0.421,0.302,0.120,0.358,0.616,0.182
129,0.158,0.335,0.080,0.048,0.323,0.561,0.104,0.046
130,0.299,0.584,0.760,0.134,0.217,0.198,0.386,0.229
130,0.246,0.398,0.698,0.215,0.290,0.199,1.146,0.247
130,0.199,0.385,0.331,0.036,0.235,0.927,0.088,0.169
130,0.108,0.632,0.902,0.189,0.384,0.265,0.443,0.266
131,0.256,0.456,0.789,0.217,0.302,0.476,0.442,0.210
131,0.367,0.305,0.449,0.122,0.114,0.261,0.442,0.191
131,0.251,0.467,0.210,0.155,0.126,0.221,0.421,0.076
131,0.317,0.457,0.591,0.258,0.103,0.356,0.579,0.190
131,0.204,0.220,0.399,0.306,0.054,0.519,0.581,0.164
132,0.153,0.492,0.494,0.603,0.191,0.544,1.173,0.384
132,0.211,0.170,0.363,0.136,0.338,0.249,0.425,0.114
132,0.232,0.862,1.169,0.251,0.228,0.270,0.594,0.372
132,0.051,0.200,0.395,0.043,0.214,0.432,0.099,0.342
133,0.215,0.231,0.366,0.243,0.044,0.682,0.552,0.139
133,0.399,0.237,0.474,0.118,0.141,0.320,0.255,0.216
133,0.125,0.585,0.496,0.160,0.286,0.497,0.643,0.222
133,0.124,0.282,0.464,0.165,0.261,0.270,0.248,0.193
133,0.155,0.500,0.410,0.194,0.220,0.554,0.284,0.105
134,0.051,0.629,0.425,0.223,0.158,0.492,0.610,0.250
134,0.130,0.168,0.166,0.066,0.342,0.346,0.179,0.075
134,0.307,0.351,0.451,0.367,0.169,0.266,0.670,0.201
134,0.221,0.358,0.389,0.469,0.120,0.374,0.679,0.220
135,0.269,0.174,0.685,0.265,0.149,0.385,0.421,0.255
135,0.084,0.397,0.301,0.299,0.209,1.001,0.720,0.147
135,0.243,0.183,0.312,0.412,0.145,0.276,0.809,0.114
135,0.158,1.294,0.175,0.128,0.056,0.559,0.308,0.085
135,0.223,0.699,0.594,0.194,0.187,0.318,0.345,0.230
136,0.157,0.346,0.538,0.432,0.177,0.612,0.236,0.229
136,0.184,0.348,0.398,0.312,0.174,0.488,0.722,0.136
136,0.191,0.564,0.218,0.135,0.108,0.534,0.309,0.090
136,0.251,0.223,0.560,0.171,0.192,0.393,0.240,0.267
137,0.238,0.611,0.453,0.267,0.308,0.698,0.368,0.178
137,0.150,0.289,0.604,0.273,0.123,0.314,0.477,0.184
137,0.091,0.552,0.312,0.296,0.220,0.408,0.770,0.123
137,0.249,0.301,0.756,0.301,0.248,0.426,0.648,0.258
138,0.184,0.404,0.339,0.137,0.212,0.364,0.386,0.154
138,0.194,0.414,0.434,0.239,0.262,0.353,0.640,0.287
138,0.305,0.292,1.004,0.447,0.209,0.277,0.923,0.226
138,0.277,0.313,0.584,0.366,0.149,0.275,0.708,0.378
138,0.203,0.652,0.595,0.123,0.070,0.628,0.458,0.429
139,0.090,0.454,0.455,0.312,0.107,0.815,0.569,0.231
139,0.293,0.217,0.434,0.107,0.289,0.596,0.633,0.130
139,0.188,0.262,0.485,0.035,0.258,0.456,0.083,0.171
139,0.274,0.466,0.476,0.335,0.146,0.318,0.462,0.236
140,0.068,0.590,0.680,0.127,0.116,0.344,0.484,0.220
140,0.095,0.246,0.387,0.450,0.181,0.231,0.346,0.156
140,0.355,0.848,0.368,0.147,0.181,0.315,0.421,0.140
140,0.179,0.377,0.407,0.046,0.221,0.941,0.158,0.505
140,0.199,0.680,0.521,0.132,0.164,0.970,0.353,0.243
141,0.366,0.609,0.377,0.110,0.173,0.836,0.232,0.112
141,0.233,0.272,0.187,0.198,0.343,0.714,0.335,0.077
141,0.197,0.236,0.530,0.330,0.189,0.436,0.566,0.159
141,0.153,0.442,0.380,0.321,0.201,0.572,0.531,0.235
142,0.073,0.766,0.421,0.341,0.078,0.462,0.496,0.184
142,0.087,0.493,0.251,0.140,0.193,0.412,0.222,0.118
142,0.053,0.626,0.245,0.514,0.151,0.554,0.438,0.108
142,0.026,0.876,0.796,0.121,0.077,1.131,0.147,0.268
142,0.096,0.403,0.596,0.030,0.056,0.984,0.084,0.442
143,0.172,0.340,0.533,0.191,0.075,0.588,0.457,0.179
143,0.308,0.259,0.680,0.251,0.106,1.334,0.389,0.226
143,0.297,0.209,0.786,0.224,0.245,0.233,0.593,0.245
143,0.353,0.513,0.302,0.137,0.196,0.414,0.353,0.255
144,0.178,0.658,0.550,0.245,0.193,0.222,0.631,0.237
144,0.264,0.675,0.875,0.223,0.240,0.411,0.500,0.192
144,0.102,0.737,0.619,0.060,0.278,0.220,0.111,0.178
144,0.099,0.542,0.368,0.162,0.113,0.939,0.444,0.231
145,0.228,0.346,0.330,0.053,0.249,0.231,0.138,0.135
145,0.155,0.200,0.515,0.211,0.166,0.257,0.281,0.305
145,0.114,0.415,0.570,0.208,0.336,0.291,0.547,0.241
145,0.175,0.364,0.482,0.358,0.217,0.408,0.427,0.186
145,0.219,0.524,0.777,0.223,0.326,0.217,0.582,0.316
146,0.101,0.172,0.345,0.379,0.250,0.505,1.312,0.112
146,0.272,0.338,0.360,0.201,0.168,0.413,0.429,0.231
146,0.230,0.559,0.530,0.345,0.142,0.276,0.368,0.266
146,0.139,0.499,0.941,0.199,0.081,0.311,0.595,0.340
147,0.285,0.227,0.161,0.227,0.049,0.666,0.594,0.061
147,0.232,0.801,0.416,0.152,0.269,0.287,0.397,0.150
147,0.071,0.527,0.689,0.412,0.315,0.496,0.889,0.160
147,0.204,0.705,0.837,0.181,0.127,0.271,0.611,0.576
147,0.204,0.220,0.486,0.071,0.141,0.350,0.206,0.213
148,0.116,0.253,0.324,0.160,0.285,0.317,0.350,0.127
148,0.167,0.180,0.548,0.132,0.216,0.384,0.321,0.218
148,0.150,0.575,0.637,0.146,0.319,0.224,0.249,0.200
148,0.043,0.164,0.252,0.170,0.233,0.353,0.450,0.061
149,0.284,0.619,0.437,0.048,0.265,0.442,0.112,0.273
149,0.089,0.282,0.138,0.034,0.062,0.861,0.099,0.064
149,0.095,0.698,0.402,0.170,0.128,0.451,0.535,0.098
149,0.182,0.690,0.595,0.269,0.153,0.293,0.754,0.613
149,0.390,0.241,0.430,0.221,0.364,0.353,0.530,0.163
150,0.242,0.392,0.569,0.120,0.300,0.385,0.508,0.187
150,0.213,1.194,0.524,0.117,0.058,0.608,0.333,0.206
150,0.224,0.543,0.459,0.305,0.130,0.379,0.789,0.362
150,0.252,0.388,0.192,0.211,0.212,0.376,0.614,0.090
151,0.249,0.275,0.330,0.171,0.259,0.498,0.377,0.219
151,0.190,0.892,0.364,0.163,0.104,0.265,0.524,0.176
151,0.239,0.380,0.414,0.104,0.101,0.282,0.269,0.176
151,0.347,0.746,0.645,0.278,0.322,0.178,0.989,0.177
152,0.203,0.181,0.463,0.032,0.174,1.323,0.086,0.255
152,0.305,0.244,0.446,0.058,0.171,0.293,0.136,0.201
152,0.205,0.656,0.444,0.185,0.107,0.620,0.436,0.197
152,0.166,0.321,0.333,0.250,0.353,0.445,0.622,0.147
152,0.176,0.276,0.514,0.253,0.226,0.279,0.493,0.167
153,0.151,0.235,0.397,0.148,0.306,0.386,0.580,0.123
153,0.048,0.725,0.072,0.131,0.195,0.411,0.350,0.027
153,0.269,0.476,0.421,0.140,0.344,0.365,0.431,0.222
153,0.228,0.518,0.395,0.079,0.129,0.411,0.271,0.362
154,0.263,0.196,0.441,0.194,0.164,0.364,0.647,0.211
154,0.176,0.395,0.319,0.132,0.151,0.669,0.278,0.154
154,0.308,0.311,0.388,0.160,0.125,0.201,0.367,0.238
154,0.048,0.817,0.215,0.056,0.030,0.732,0.126,0.097
154,0.361,0.205,0.429,0.156,0.327,0.310,0.376,0.178
155,0.164,0.750,0.483,0.155,0.060,0.580,0.373,0.220
155,0.111,0.554,0.447,0.143,0.212,0.405,0.353,0.247
155,0.229,0.564,0.302,0.123,0.167,0.447,0.317,0.192
155,0.158,0.732,0.629,0.200,0.127,0.337,0.415,0.541
156,0.254,0.336,0.512,0.179,0.100,0.390,0.411,0.294
156,0.065,0.235,0.240,0.057,0.250,0.141,0.147,0.098
156,0.126,0.413,0.365,0.134,0.319,0.444,0.277,0.187
156,0.143,0.300,0.125,0.293,0.134,0.493,0.601,0.051
156,0.079,0.684,0.585,0.107,0.226,0.434,0.252,0.186
157,0.208,0.196,0.389,0.080,0.231,0.515,0.219,0.191
157,0.140,0.328,0.424,0.266,0.195,0.762,0.414,0.157
157,0.088,0.605,0.658,0.196,0.090,0.532,0.414,0.282
157,0.180,0.291,0.416,0.167,0.159,0.965,0.353,0.296
158,0.080,0.740,0.482,0.109,0.158,0.252,0.187,0.281
158,0.050,0.986,0.620,0.088,0.204,1.076,0.113,0.301
158,0.159,1.109,0.640,0.315,0.102,0.414,0.397,0.227
158,0.187,0.220,0.391,0.097,0.182,0.474,0.339,0.193
159,0.202,0.594,0.504,0.137,0.209,0.286,0.276,0.138
159,0.251,0.383,0.213,0.226,0.189,0.575,0.363,0.082
159,0.211,0.284,0.146,0.163,0.261,0.372,0.506,0.078
159,0.300,0.558,0.499,0.149,0.269,0.372,0.324,0.185
159,0.219,0.347,0.766,0.159,0.451,0.373,0.337,0.190
160,0.126,0.878,0.196,0.125,0.078,0.448,0.391,0.062
160,0.375,0.348,0.317,0.087,0.171,1.193,0.142,0.159
160,0.195,0.574,0.189,0.168,0.321,0.272,0.348,0.064
160,0.292,0.161,0.251,0.103,0.128,0.273,0.246,0.119
161,0.182,0.456,0.222,0.196,0.294,0.404,0.398,0.109
161,0.086,0.641,0.320,0.164,0.161,0.558,0.371,0.136
161,0.077,0.391,0.403,0.157,0.219,0.500,0.311,0.159
161,0.113,0.290,0.483,0.049,0.227,0.621,0.091,0.647
161,0.101,0.399,0.397,0.260,0.131,0.232,0.439,0.147
162,0.121,0.344,0.332,0.167,0.314,0.321,0.464,0.144
162,0.347,0.049,0.073,0.269,0.189,0.760,0.399,0.036
162,0.221,0.676,0.319,0.114,0.162,0.312,0.287,0.159
162,0.117,0.325,0.424,0.163,0.249,0.681,0.361,0.130
163,0.167,0.931,0.059,0.230,0.236,0.223,0.503,0.024
163,0.295,0.228,0.684,0.210,0.099,0.463,0.406,0.395
163,0.215,0.723,0.454,0.145,0.176,0.269,0.340,0.304
163,0.124,0.582,0.228,0.295,0.107,0.439,0.638,0.115
163,0.104,0.459,0.454,0.244,0.106,0.551,0.548,0.404
164,0.324,0.617,0.273,0.224,0.152,0.783,0.529,0.177
164,0.109,0.220,0.178,0.054,0.225,0.610,0.104,0.070
164,0.046,0.251,0.461,0.124,0.208,0.696,0.217,0.103
164,0.237,0.457,0.316,0.099,0.221,0.181,0.248,0.175
165,0.190,0.574,0.423,0.067,0.119,0.226,0.211,0.190
165,0.110,0.614,0.454,0.163,0.145,0.557,0.426,0.130
165,0.151,0.339,0.723,0.050,0.133,0.403,0.189,0.271
165,0.159,0.686,0.666,0.204,0.044,0.726,0.375,0.231
166,0.264,0.151,0.383,0.139,0.150,0.523,0.475,0.195
166,0.116,1.102,0.460,0.088,0.130,0.425,0.192,0.186
166,0.194,0.390,0.298,0.079,0.167,0.486,0.188,0.084
166,0.259,0.508,0.393,0.079,0.268,0.281,0.188,0.163
166,0.161,0.238,0.338,0.152,0.294,0.654,0.259,0.131
167,0.104,0.652,0.247,0.163,0.080,0.542,0.344,0.093
167,0.154,1.234,0.374,0.223,0.110,0.351,0.328,0.173
167,0.057,0.643,0.543,0.040,0.148,0.838,0.084,0.243
167,0.053,0.246,0.356,0.134,0.167,0.371,0.210,0.110
168,0.117,0.375,0.424,0.309,0.088,0.659,0.436,0.199
168,0.092,0.082,0.452,0.101,0.382,0.322,0.256,0.119
168,0.180,0.413,0.382,0.158,0.210,0.492,0.312,0.119
168,0.154,0.504,0.347,0.186,0.214,0.382,0.386,0.094
168,0.142,0.469,0.254,0.232,0.321,0.313,0.508,0.194
169,0.246,0.506,0.208,0.144,0.203,0.309,0.325,0.186
169,0.112,0.572,0.229,0.137,0.162,0.462,0.249,0.123
169,0.306,0.114,0.324,0.326,0.232,0.560,0.432,0.161
169,0.072,0.487,0.371,0.176,0.141,0.352,0.493,0.193
170,0.098,0.541,0.255,0.311,0.069,0.509,0.472,0.105
170,0.227,0.351,0.276,0.133,0.245,0.395,0.409,0.292
170,0.292,0.355,0.394,0.090,0.248,0.351,0.219,0.167
170,0.228,0.113,0.273,0.172,0.201,0.443,0.366,0.075
171,0.268,0.757,0.171,0.139,0.105,0.375,0.251,0.134
171,0.181,0.364,0.210,0.132,0.222,0.377,0.301,0.094
171,0.311,0.146,0.222,0.084,0.246,0.251,0.252,0.057
171,0.340,0.260,0.416,0.133,0.344,0.307,0.238,0.170
172,0.291,0.590,0.386,0.185,0.354,0.241,0.405,0.267
172,0.366,0.337,0.217,0.133,0.124,0.366,0.313,0.095
172,0.197,0.258,0.287,0.118,0.165,0.429,0.231,0.435
172,0.389,0.373,0.522,0.033,0.247,0.888,0.071,0.378
172,0.246,0.591,0.414,0.108,0.126,0.342,0.232,0.250
173,0.161,0.209,0.221,0.116,0.236,0.345,0.244,0.121
173,0.212,0.302,0.358,0.216,0.217,0.791,0.379,0.115
173,0.290,0.216,0.138,0.070,0.271,0.326,0.148,0.058
173,0.147,0.348,0.438,0.112,0.260,0.543,0.279,0.072
174,0.199,0.275,0.358,0.102,0.264,0.432,0.249,0.113
174,0.199,0.573,0.380,0.136,0.282,0.457,0.242,0.155
174,0.168,0.310,0.285,0.217,0.206,0.286,0.374,0.127
174,0.235,0.462,0.235,0.090,0.132,0.578,0.342,0.097
174,0.175,0.420,0.353,0.189,0.168,0.616,0.455,0.165
175,0.170,0.498,0.368,0.149,0.224,0.278,0.329,0.103
175,0.075,0.653,0.293,0.110,0.117,0.438,0.263,0.121
175,0.291,0.170,0.172,0.081,0.333,0.444,0.217,0.115
175,0.052,0.814,0.461,0.234,0.103,0.300,0.350,0.242
176,0.194,0.274,0.240,0.075,0.199,0.364,0.143,0.091
176,0.171,0.309,0.459,0.111,0.166,0.203,0.231,0.331
176,0.348,0.634,0.421,0.150,0.114,0.323,0.296,0.255
176,0.400,0.349,0.316,0.171,0.426,0.148,0.497,0.140
176,0.116,0.514,0.321,0.086,0.096,0.296,0.356,0.132
177,0.167,0.867,0.269,0.126,0.126,0.521,0.284,0.099
177,0.204,0.282,0.607,0.105,0.152,0.388,0.386,0.243
177,0.128,0.610,0.208,0.122,0.223,0.273,0.356,0.111
177,0.136,0.426,0.348,0.189,0.087,0.268,0.325,0.212
178,0.140,0.630,0.230,0.217,0.089,0.357,0.362,0.099
178,0.155,0.801,0.367,0.108,0.134,0.284,0.234,0.296
178,0.177,0.377,0.430,0.110,0.306,0.103,0.317,0.255
178,0.150,0.394,0.320,0.118,0.259,0.376,0.383,0.105
179,0.301,0.207,0.131,0.097,0.310,0.511,0.249,0.059
179,0.148,0.659,0.346,0.056,0.195,0.261,0.213,0.153
179,0.199,0.639,0.288,0.071,0.186,0.210,0.209,0.129
179,0.071,0.476,0.305,0.164,0.051,0.899,0.391,0.197
179,0.282,0.304,0.189,0.081,0.182,0.349,0.274,0.111
180,0.153,0.487,0.420,0.117,0.162,0.456,0.259,0.213
180,0.275,0.422,0.110,0.113,0.143,0.365,0.306,0.053
180,0.099,0.772,0.554,0.087,0.121,0.324,0.169,0.210
180,0.256,0.275,0.267,0.196,0.223,0.317,0.211,0.154
181,0.190,0.373,0.221,0.073,0.163,0.480,0.155,0.085
181,0.115,0.557,0.219,0.053,0.271,0.617,0.089,0.099
181,0.087,0.271,0.062,0.099,0.122,0.395,0.184,0.048
181,0.205,0.416,0.226,0.127,0.144,0.257,0.262,0.132
181,0.126,0.606,0.314,0.291,0.119,0.372,0.331,0.134
182,0.182,0.788,0.432,0.132,0.183,0.328,0.263,0.209
182,0.095,0.867,0.344,0.099,0.135,0.310,0.224,0.134
182,0.179,0.446,0.316,0.141,0.140,0.308,0.263,0.176
182,0.197,0.326,0.244,0.088,0.115,0.398,0.231,0.130
183,0.357,0.194,0.473,0.078,0.263,0.318,0.224,0.162
183,0.027,0.805,0.495,0.091,0.061,0.621,0.254,0.209
183,0.223,0.320,0.521,0.138,0.223,0.275,0.230,0.282
183,0.128,0.397,0.284,0.096,0.233,0.308,0.254,0.099
183,0.203,0.377,0.474,0.135,0.123,0.424,0.248,0.194
184,0.112,0.655,0.390,0.111,0.165,0.404,0.248,0.152
184,0.128,0.529,0.173,0.113,0.285,0.337,0.340,0.137
184,0.038,0.825,0.308,0.206,0.143,0.623,0.369,0.122
184,0.294,0.279,0.334,0.108,0.275,0.274,0.344,0.188
185,0.146,0.389,0.222,0.150,0.221,0.439,0.178,0.178
185,0.178,0.203,0.397,0.268,0.134,0.661,0.273,0.076
185,0.147,0.327,0.495,0.102,0.214,0.598,0.202,0.134
185,0.285,0.664,0.237,0.070,0.068,0.328,0.186,0.156
186,0.235,0.285,0.297,0.079,0.165,0.460,0.222,0.168
186,0.179,0.694,0.374,0.093,0.133,0.301,0.229,0.188
186,0.129,0.448,0.329,0.088,0.248,0.259,0.249,0.144
186,0.198,0.137,0.166,0.145,0.209,0.421,0.255,0.183
186,0.169,0.640,0.467,0.171,0.085,0.293,0.198,0.184
187,0.263,0.307,0.343,0.150,0.215,0.424,0.223,0.133
187,0.089,0.517,0.197,0.185,0.212,0.329,0.215,0.126
187,0.310,0.370,0.268,0.078,0.137,0.277,0.215,0.154
187,0.098,0.865,0.303,0.096,0.165,0.358,0.251,0.146
188,0.131,0.541,0.255,0.105,0.180,0.438,0.201,0.092
188,0.199,0.293,0.414,0.153,0.167,0.240,0.283,0.234
188,0.152,0.524,0.215,0.189,0.189,0.296,0.445,0.061
188,0.133,0.841,0.368,0.125,0.087,0.564,0.230,0.149
188,0.268,0.527,0.092,0.146,0.113,0.414,0.291,0.044
189,0.163,0.367,0.376,0.096,0.107,0.414,0.268,0.270
189,0.168,0.839,0.335,0.129,0.102,0.419,0.224,0.147
189,0.146,0.398,0.225,0.165,0.181,0.341,0.296,0.112
189,0.217,0.441,0.241,0.178,0.200,0.356,0.163,0.106
190,0.287,0.253,0.273,0.103,0.259,0.279,0.271,0.222
190,0.157,0.247,0.293,0.138,0.146,0.824,0.501,0.161
190,0.193,0.404,0.312,0.291,0.110,0.393,0.267,0.428
190,0.202,0.435,0.218,0.100,0.319,0.650,0.183,0.108
190,0.223,0.302,0.209,0.167,0.258,0.227,0.326,0.123
191,0.332,0.173,0.449,0.134,0.308,0.379,0.262,0.217
191,0.068,0.525,0.296,0.048,0.226,0.673,0.109,0.159
191,0.246,0.261,0.217,0.124,0.277,0.241,0.322,0.112
191,0.132,0.641,0.270,0.110,0.145,0.477,0.221,0.080
192,0.112,0.678,0.193,0.097,0.079,0.374,0.244,0.070
192,0.187,0.246,0.219,0.242,0.211,0.326,0.359,0.103
192,0.145,0.429,0.233,0.133,0.223,0.444,0.292,0.074
192,0.140,0.317,0.215,0.054,0.190,0.511,0.106,0.098
193,0.255,0.381,0.296,0.054,0.310,0.385,0.119,0.066
193,0.234,0.439,0.370,0.076,0.194,0.208,0.191,0.164
193,0.277,0.258,0.553,0.116,0.206,0.368,0.224,0.272
193,0.266,1.105,0.292,0.073,0.188,0.330,0.135,0.110
193,0.187,0.394,0.314,0.086,0.166,0.326,0.175,0.119
194,0.109,1.023,0.409,0.155,0.074,0.538,0.315,0.148
194,0.124,0.726,0.292,0.181,0.084,0.480,0.399,0.148
194,0.124,0.462,0.241,0.058,0.162,0.309,0.139,0.086
194,0.223,0.465,0.441,0.106,0.078,0.501,0.203,0.190
195,0.123,0.352,0.282,0.092,0.162,0.553,0.208,0.121
195,0.211,0.223,0.204,0.183,0.196,0.534,0.415,0.081
195,0.195,0.291,0.203,0.220,0.279,0.507,0.527,0.083
195,0.146,0.518,0.269,0.088,0.111,0.445,0.207,0.116
195,0.240,0.256,0.280,0.072,0.275,0.455,0.180,0.099
196,0.213,0.234,0.291,0.204,0.241,0.493,0.398,0.136
196,0.171,0.383,0.201,0.082,0.187,0.325,0.200,0.193
196,0.169,0.508,0.291,0.180,0.234,0.343,0.167,0.121
196,0.158,0.616,0.145,0.089,0.173,0.246,0.193,0.077
197,0.199,0.177,0.244,0.050,0.118,0.581,0.103,0.156
197,0.177,0.558,0.145,0.257,0.175,0.215,0.470,0.064
197,0.176,0.478,0.210,0.136,0.116,0.381,0.349,0.118
197,0.187,0.460,0.320,0.164,0.174,0.400,0.293,0.156
197,0.251,0.569,0.174,0.107,0.158,0.252,0.225,0.081
198,0.163,0.600,0.291,0.091,0.150,0.368,0.243,0.130
198,0.114,0.776,0.220,0.100,0.169,0.421,0.224,0.128
198,0.183,0.344,0.358,0.079,0.243,0.514,0.194,0.220
198,0.250,0.288,0.172,0.079,0.222,0.453,0.189,0.075
199,0.050,0.369,0.185,0.050,0.230,0.238,0.099,0.071
199,0.182,0.349,0.116,0.097,0.188,0.472,0.203,0.063
199,0.194,0.307,0.262,0.085,0.182,0.374,0.341,0.175
199,0.159,0.502,0.339,0.079,0.108,0.484,0.177,0.134
200,0.239,0.332,0.280,0.149,0.246,0.509,0.222,0.114
200,0.247,0.314,0.130,0.045,0.117,0.536,0.082,0.062
200,0.191,0.892,0.209,0.042,0.109,0.402,0.102,0.094
200,0.152,0.358,0.127,0.120,0.255,0.303,0.230,0.063
200,0.328,0.359,0.107,0.057,0.180,0.415,0.134,0.049
